<?xml version="1.0"?>
<doc>
    <assembly>
        <name>Microsoft.Practices.EnterpriseLibrary.Caching.Cryptography</name>
    </assembly>
    <members>
        <member name="T:Microsoft.Practices.EnterpriseLibrary.Caching.Cryptography.Configuration.Manageability.Installer">
            <summary>
            Installer for the WMI objects defined in the assembly.
            </summary>
        </member>
        <member name="T:Microsoft.Practices.EnterpriseLibrary.Caching.Cryptography.Configuration.Manageability.Properties.Resources">
            <summary>
              A strongly-typed resource class, for looking up localized strings, etc.
            </summary>
        </member>
        <member name="P:Microsoft.Practices.EnterpriseLibrary.Caching.Cryptography.Configuration.Manageability.Properties.Resources.ResourceManager">
            <summary>
              Returns the cached ResourceManager instance used by this class.
            </summary>
        </member>
        <member name="P:Microsoft.Practices.EnterpriseLibrary.Caching.Cryptography.Configuration.Manageability.Properties.Resources.Culture">
            <summary>
              Overrides the current thread's CurrentUICulture property for all
              resource lookups using this strongly typed resource class.
            </summary>
        </member>
        <member name="P:Microsoft.Practices.EnterpriseLibrary.Caching.Cryptography.Configuration.Manageability.Properties.Resources.SymmetricStorageEncryptionProviderSymmetricInstancePartName">
            <summary>
              Looks up a localized string similar to Symmetric provider.
            </summary>
        </member>
        <member name="T:Microsoft.Practices.EnterpriseLibrary.Caching.Cryptography.Configuration.Manageability.SymmetricStorageEncryptionProviderSetting">
            <summary>
            Represents the configuration information from a 
            <see cref="T:Microsoft.Practices.EnterpriseLibrary.Caching.Cryptography.Configuration.SymmetricStorageEncryptionProviderData"/> 
            instance.
            </summary>
            <seealso cref="T:Microsoft.Practices.EnterpriseLibrary.Caching.Cryptography.Configuration.SymmetricStorageEncryptionProviderData"/> 
            <seealso cref="T:Microsoft.Practices.EnterpriseLibrary.Caching.Configuration.Manageability.StorageEncryptionProviderSetting"/>
        </member>
        <member name="P:Microsoft.Practices.EnterpriseLibrary.Caching.Cryptography.Configuration.Manageability.SymmetricStorageEncryptionProviderSetting.SymmetricInstance">
            <summary>
            Gets the name of symmetric encryption provider for the represented configuration object.
            </summary>
            <seealso cref="P:Microsoft.Practices.EnterpriseLibrary.Caching.Cryptography.Configuration.SymmetricStorageEncryptionProviderData.SymmetricInstance">
            SymmetricStorageEncryptionProviderData.SymmetricInstance</seealso>
        </member>
        <member name="T:Microsoft.Practices.EnterpriseLibrary.Caching.Cryptography.Configuration.SymmetricStorageEncryptionProviderData">
            <summary>
            Configuration data for Symmetric Storage Encryption
            </summary>
        </member>
        <member name="M:Microsoft.Practices.EnterpriseLibrary.Caching.Cryptography.Configuration.SymmetricStorageEncryptionProviderData.#ctor">
            <summary>
            Initializs an instance of a <see cref="T:Microsoft.Practices.EnterpriseLibrary.Caching.Cryptography.Configuration.SymmetricStorageEncryptionProviderData"/> class.
            </summary>
        </member>
        <member name="M:Microsoft.Practices.EnterpriseLibrary.Caching.Cryptography.Configuration.SymmetricStorageEncryptionProviderData.#ctor(System.String,System.String)">
            <summary>
            Create provider with a specified name and symmetric instance.
            </summary>
            <param name="name">The configured name of the provider</param>
            <param name="symmetricInstance">The full name of a <see cref="T:System.Security.Cryptography.SymmetricAlgorithm"/>.</param>
        </member>
        <member name="P:Microsoft.Practices.EnterpriseLibrary.Caching.Cryptography.Configuration.SymmetricStorageEncryptionProviderData.SymmetricInstance">
            <summary>
            Name of symmetric instance
            </summary>       
        </member>
        <member name="T:Microsoft.Practices.EnterpriseLibrary.Caching.Cryptography.Configuration.SymmetricStorageEncryptionProviderAssembler">
            <summary>
            This type supports the Enterprise Library infrastructure and is not intended to be used directly from your code.
            Represents the process to build a <see cref="T:Microsoft.Practices.EnterpriseLibrary.Caching.Cryptography.SymmetricStorageEncryptionProvider"/> described by a <see cref="T:Microsoft.Practices.EnterpriseLibrary.Caching.Cryptography.Configuration.SymmetricStorageEncryptionProviderData"/> configuration object.
            </summary>
            <remarks>This type is linked to the <see cref="T:Microsoft.Practices.EnterpriseLibrary.Caching.Cryptography.Configuration.SymmetricStorageEncryptionProviderData"/> type and it is used by the <see cref="T:Microsoft.Practices.EnterpriseLibrary.Caching.BackingStoreImplementations.StorageEncryptionProviderCustomFactory"/> 
            to build the specific <see cref="T:Microsoft.Practices.EnterpriseLibrary.Caching.BackingStoreImplementations.IStorageEncryptionProvider"/> object represented by the configuration object.
            </remarks>
        </member>
        <member name="M:Microsoft.Practices.EnterpriseLibrary.Caching.Cryptography.Configuration.SymmetricStorageEncryptionProviderAssembler.Assemble(Microsoft.Practices.ObjectBuilder.IBuilderContext,Microsoft.Practices.EnterpriseLibrary.Caching.Configuration.StorageEncryptionProviderData,Microsoft.Practices.EnterpriseLibrary.Common.Configuration.IConfigurationSource,Microsoft.Practices.EnterpriseLibrary.Common.Configuration.ObjectBuilder.ConfigurationReflectionCache)">
            <summary>
            This method supports the Enterprise Library infrastructure and is not intended to be used directly from your code.
            Builds an <see cref="T:Microsoft.Practices.EnterpriseLibrary.Caching.Cryptography.SymmetricStorageEncryptionProvider"/> based on an instance of <see cref="T:Microsoft.Practices.EnterpriseLibrary.Caching.Configuration.StorageEncryptionProviderData"/>.
            </summary>
            <seealso cref="T:Microsoft.Practices.EnterpriseLibrary.Caching.BackingStoreImplementations.StorageEncryptionProviderCustomFactory"/>
            <param name="context">The <see cref="T:Microsoft.Practices.ObjectBuilder.IBuilderContext"/> that represents the current building process.</param>
            <param name="objectConfiguration">The configuration object that describes the object to build. Must be an instance of <see cref="T:Microsoft.Practices.EnterpriseLibrary.Caching.Cryptography.Configuration.SymmetricStorageEncryptionProviderData"/>.</param>
            <param name="configurationSource">The source for configuration objects.</param>
            <param name="reflectionCache">The cache to use retrieving reflection information.</param>
            <returns>A fully initialized instance of <see cref="T:Microsoft.Practices.EnterpriseLibrary.Caching.Cryptography.SymmetricStorageEncryptionProvider"/>.</returns>
        </member>
        <member name="T:Microsoft.Practices.EnterpriseLibrary.Caching.Cryptography.SymmetricStorageEncryptionProvider">
            <summary>
            Implementation of Symmetric Storage Encryption used by the Caching block
            </summary>
        </member>
        <member name="M:Microsoft.Practices.EnterpriseLibrary.Caching.Cryptography.SymmetricStorageEncryptionProvider.#ctor(Microsoft.Practices.EnterpriseLibrary.Security.Cryptography.ISymmetricCryptoProvider)">
            <summary>
            <para>Initialize a new instance of the <see cref="T:Microsoft.Practices.EnterpriseLibrary.Security.Cryptography.SymmetricAlgorithmProvider"/> class.</para>
            </summary>
        </member>
        <member name="M:Microsoft.Practices.EnterpriseLibrary.Caching.Cryptography.SymmetricStorageEncryptionProvider.Encrypt(System.Byte[])">
            <summary>
            Encrypts the data passed to this method according to the correct symmetric cryptographic
            algorithm as defined in configuration
            </summary>
            <param name="plaintext">Data to be encrypted</param>
            <returns>Encrypted data</returns>
        </member>
        <member name="M:Microsoft.Practices.EnterpriseLibrary.Caching.Cryptography.SymmetricStorageEncryptionProvider.Decrypt(System.Byte[])">
            <summary>
            Decrypts the data passed to this method according to the correct symmetric cryptographic
            algoritm as defined in configuration
            </summary>
            <param name="ciphertext">Encrypted data to be decrypted</param>
            <returns>Decrypted data</returns>
        </member>
    </members>
</doc>
