<?xml version="1.0"?>
<doc>
    <assembly>
        <name>Microsoft.Practices.EnterpriseLibrary.ExceptionHandling.Logging</name>
    </assembly>
    <members>
        <member name="T:Microsoft.Practices.EnterpriseLibrary.ExceptionHandling.Logging.Configuration.LoggingExceptionHandlerData">
            <summary>
            Represents configuration for a <see cref="T:Microsoft.Practices.EnterpriseLibrary.ExceptionHandling.Logging.LoggingExceptionHandler"/>.
            </summary>
        </member>
        <member name="M:Microsoft.Practices.EnterpriseLibrary.ExceptionHandling.Logging.Configuration.LoggingExceptionHandlerData.#ctor">
            <summary>
            Initializes with default values.
            </summary>
        </member>
        <member name="M:Microsoft.Practices.EnterpriseLibrary.ExceptionHandling.Logging.Configuration.LoggingExceptionHandlerData.#ctor(System.String,System.String,System.Int32,System.Diagnostics.TraceEventType,System.String,System.Type,System.Int32)">
            <summary>
            Initializes a new instance of the <see cref="T:Microsoft.Practices.EnterpriseLibrary.ExceptionHandling.Logging.Configuration.LoggingExceptionHandlerData"/> class.
            </summary>
            <param name="name">
            The name of the handler.
            </param>
            <param name="logCategory">
            The default log category.
            </param>
            <param name="eventId">
            The default eventID.
            </param>
            <param name="severity">
            The default severity.
            </param>
            <param name="title">
            The default title.
            </param>
            <param name="formatterType">
            The formatter type.
            </param>
            <param name="priority">
            The minimum value for messages to be processed.  Messages with a priority below the minimum are dropped immediately on the client.
            </param>
        </member>
        <member name="M:Microsoft.Practices.EnterpriseLibrary.ExceptionHandling.Logging.Configuration.LoggingExceptionHandlerData.#ctor(System.String,System.String,System.Int32,System.Diagnostics.TraceEventType,System.String,System.String,System.Int32)">
            <summary>
            Initializes a new instance of the <see cref="T:Microsoft.Practices.EnterpriseLibrary.ExceptionHandling.Logging.Configuration.LoggingExceptionHandlerData"/> class.
            </summary>
            <param name="name">
            The name of the handler.
            </param>
            <param name="logCategory">
            The default log category.
            </param>
            <param name="eventId">
            The default eventID.
            </param>
            <param name="severity">
            The default severity.
            </param>
            <param name="title">
            The default title.
            </param>
            <param name="formatterTypeName">
            The formatter fully qualified assembly type name.
            </param>
            <param name="priority">
            The minimum value for messages to be processed.  Messages with a priority below the minimum are dropped immediately on the client.
            </param>
        </member>
        <member name="P:Microsoft.Practices.EnterpriseLibrary.ExceptionHandling.Logging.Configuration.LoggingExceptionHandlerData.LogCategory">
            <summary>
            Gets or sets the default log category.
            </summary>
        </member>
        <member name="P:Microsoft.Practices.EnterpriseLibrary.ExceptionHandling.Logging.Configuration.LoggingExceptionHandlerData.EventId">
            <summary>
            Gets or sets the default event ID.
            </summary>
        </member>
        <member name="P:Microsoft.Practices.EnterpriseLibrary.ExceptionHandling.Logging.Configuration.LoggingExceptionHandlerData.Severity">
            <summary>
            Gets or sets the default severity.
            </summary>
        </member>
        <member name="P:Microsoft.Practices.EnterpriseLibrary.ExceptionHandling.Logging.Configuration.LoggingExceptionHandlerData.Title">
            <summary>
             Gets or sets the default title.
            </summary>
        </member>
        <member name="P:Microsoft.Practices.EnterpriseLibrary.ExceptionHandling.Logging.Configuration.LoggingExceptionHandlerData.FormatterType">
            <summary>
            Gets or sets the formatter type.
            </summary>
        </member>
        <member name="P:Microsoft.Practices.EnterpriseLibrary.ExceptionHandling.Logging.Configuration.LoggingExceptionHandlerData.FormatterTypeName">
            <summary>
            Gets or sets the formatter fully qualified assembly type name.
            </summary>
            <value>
            The formatter fully qualified assembly type name
            </value>
        </member>
        <member name="P:Microsoft.Practices.EnterpriseLibrary.ExceptionHandling.Logging.Configuration.LoggingExceptionHandlerData.Priority">
            <summary>
            Gets or sets the minimum value for messages to be processed.  Messages with a priority
            below the minimum are dropped immediately on the client.
            </summary>
        </member>
        <member name="T:Microsoft.Practices.EnterpriseLibrary.ExceptionHandling.Logging.Configuration.LoggingExceptionHandlerAssembler">
            <summary>
            This type supports the Enterprise Library infrastructure and is not intended to be used directly from your code.
            Represents the process to build a <see cref="T:Microsoft.Practices.EnterpriseLibrary.ExceptionHandling.Logging.LoggingExceptionHandler"/> described by a <see cref="T:Microsoft.Practices.EnterpriseLibrary.ExceptionHandling.Logging.Configuration.LoggingExceptionHandlerData"/> configuration object.
            </summary>
            <remarks>This type is linked to the <see cref="T:Microsoft.Practices.EnterpriseLibrary.ExceptionHandling.Logging.Configuration.LoggingExceptionHandlerData"/> type and it is used by the <see cref="T:Microsoft.Practices.EnterpriseLibrary.ExceptionHandling.ExceptionHandlerCustomFactory"/> 
            to build the specific <see cref="T:Microsoft.Practices.EnterpriseLibrary.ExceptionHandling.IExceptionHandler"/> object represented by the configuration object.
            </remarks>
        </member>
        <member name="M:Microsoft.Practices.EnterpriseLibrary.ExceptionHandling.Logging.Configuration.LoggingExceptionHandlerAssembler.Assemble(Microsoft.Practices.ObjectBuilder.IBuilderContext,Microsoft.Practices.EnterpriseLibrary.ExceptionHandling.Configuration.ExceptionHandlerData,Microsoft.Practices.EnterpriseLibrary.Common.Configuration.IConfigurationSource,Microsoft.Practices.EnterpriseLibrary.Common.Configuration.ObjectBuilder.ConfigurationReflectionCache)">
            <summary>
            This method supports the Enterprise Library infrastructure and is not intended to be used directly from your code.
            Builds an <see cref="T:Microsoft.Practices.EnterpriseLibrary.ExceptionHandling.Logging.LoggingExceptionHandler"/> based on an instance of <see cref="T:Microsoft.Practices.EnterpriseLibrary.ExceptionHandling.Logging.Configuration.LoggingExceptionHandlerData"/>.
            </summary>
            <seealso cref="T:Microsoft.Practices.EnterpriseLibrary.ExceptionHandling.ExceptionHandlerCustomFactory"/>
            <param name="context">The <see cref="T:Microsoft.Practices.ObjectBuilder.IBuilderContext"/> that represents the current building process.</param>
            <param name="objectConfiguration">The configuration object that describes the object to build. Must be an instance of <see cref="T:Microsoft.Practices.EnterpriseLibrary.ExceptionHandling.Logging.Configuration.LoggingExceptionHandlerData"/>.</param>
            <param name="configurationSource">The source for configuration objects.</param>
            <param name="reflectionCache">The cache to use retrieving reflection information.</param>
            <returns>A fully initialized instance of <see cref="T:Microsoft.Practices.EnterpriseLibrary.ExceptionHandling.Logging.LoggingExceptionHandler"/>.</returns>
        </member>
        <member name="T:Microsoft.Practices.EnterpriseLibrary.ExceptionHandling.Logging.Configuration.Manageability.Installer">
            <summary>
            Installer for the WMI objects defined in the assembly.
            </summary>
        </member>
        <member name="T:Microsoft.Practices.EnterpriseLibrary.ExceptionHandling.Logging.Configuration.Manageability.LoggingExceptionHandlerSetting">
            <summary>
            Represents the configuration information from a 
            <see cref="T:Microsoft.Practices.EnterpriseLibrary.ExceptionHandling.Logging.Configuration.LoggingExceptionHandlerData"/> instance.
            </summary>
            <seealso cref="T:Microsoft.Practices.EnterpriseLibrary.ExceptionHandling.Logging.Configuration.LoggingExceptionHandlerData"/>
        </member>
        <member name="P:Microsoft.Practices.EnterpriseLibrary.ExceptionHandling.Logging.Configuration.Manageability.LoggingExceptionHandlerSetting.EventId">
            <summary>
            Gets the event id for the represented configuration object.
            </summary>
            <seealso cref="P:Microsoft.Practices.EnterpriseLibrary.ExceptionHandling.Logging.Configuration.LoggingExceptionHandlerData.EventId">LoggingExceptionHandlerData.EventId</seealso>
        </member>
        <member name="P:Microsoft.Practices.EnterpriseLibrary.ExceptionHandling.Logging.Configuration.Manageability.LoggingExceptionHandlerSetting.FormatterType">
            <summary>
            Gets the name of the formatter type for the represented configuration object.
            </summary>
            <seealso cref="P:Microsoft.Practices.EnterpriseLibrary.ExceptionHandling.Logging.Configuration.LoggingExceptionHandlerData.FormatterType">LoggingExceptionHandlerData.FormatterType</seealso>
        </member>
        <member name="P:Microsoft.Practices.EnterpriseLibrary.ExceptionHandling.Logging.Configuration.Manageability.LoggingExceptionHandlerSetting.LogCategory">
            <summary>
            Gets the log category for the represented configuration object.
            </summary>
            <seealso cref="P:Microsoft.Practices.EnterpriseLibrary.ExceptionHandling.Logging.Configuration.LoggingExceptionHandlerData.LogCategory">LoggingExceptionHandlerData.LogCategory</seealso>
        </member>
        <member name="P:Microsoft.Practices.EnterpriseLibrary.ExceptionHandling.Logging.Configuration.Manageability.LoggingExceptionHandlerSetting.Priority">
            <summary>
            Gets the priority for the represented configuration object.
            </summary>
            <seealso cref="P:Microsoft.Practices.EnterpriseLibrary.ExceptionHandling.Logging.Configuration.LoggingExceptionHandlerData.Priority">LoggingExceptionHandlerData.Priority</seealso>
        </member>
        <member name="P:Microsoft.Practices.EnterpriseLibrary.ExceptionHandling.Logging.Configuration.Manageability.LoggingExceptionHandlerSetting.Severity">
            <summary>
            Gets the severity for the represented configuration object.
            </summary>
            <seealso cref="P:Microsoft.Practices.EnterpriseLibrary.ExceptionHandling.Logging.Configuration.LoggingExceptionHandlerData.Severity">LoggingExceptionHandlerData.Severity</seealso>
        </member>
        <member name="P:Microsoft.Practices.EnterpriseLibrary.ExceptionHandling.Logging.Configuration.Manageability.LoggingExceptionHandlerSetting.Title">
            <summary>
            Gets the title for the represented configuration object.
            </summary>
            <seealso cref="P:Microsoft.Practices.EnterpriseLibrary.ExceptionHandling.Logging.Configuration.LoggingExceptionHandlerData.Title">LoggingExceptionHandlerData.Title</seealso>
        </member>
        <member name="T:Microsoft.Practices.EnterpriseLibrary.ExceptionHandling.Logging.LoggingExceptionHandler">
            <summary>
            Represents an <see cref="T:Microsoft.Practices.EnterpriseLibrary.ExceptionHandling.IExceptionHandler"/> that formats
            the exception into a log message and sends it to
            the Enterprise Library Logging Block.
            </summary>	
        </member>
        <member name="M:Microsoft.Practices.EnterpriseLibrary.ExceptionHandling.Logging.LoggingExceptionHandler.#ctor(System.String,System.Int32,System.Diagnostics.TraceEventType,System.String,System.Int32,System.Type,Microsoft.Practices.EnterpriseLibrary.Logging.LogWriter)">
            <summary>
            Initializes a new instance of the <see cref="T:Microsoft.Practices.EnterpriseLibrary.ExceptionHandling.Logging.LoggingExceptionHandler"/> class with the log category, the event ID, the <see cref="T:System.Diagnostics.TraceEventType"/>,
            the title, minimum priority, the formatter type, and the <see cref="T:Microsoft.Practices.EnterpriseLibrary.Logging.LogWriter"/>.
            </summary>
            <param name="logCategory">The default category</param>
            <param name="eventId">An event id.</param>
            <param name="severity">The severity.</param>
            <param name="title">The log title.</param>
            <param name="priority">The minimum priority.</param>
            <param name="formatterType">The <see cref="T:Microsoft.Practices.EnterpriseLibrary.Logging.Formatters.ILogFormatter"/> type.</param>
            <param name="writer">The <see cref="T:Microsoft.Practices.EnterpriseLibrary.Logging.LogWriter"/> to use.</param>
        </member>
        <member name="M:Microsoft.Practices.EnterpriseLibrary.ExceptionHandling.Logging.LoggingExceptionHandler.HandleException(System.Exception,System.Guid)">
            <summary>
            <para>Handles the specified <see cref="T:System.Exception"/> object by formatting it and writing to the configured log.</para>
            </summary>
            <param name="exception"><para>The exception to handle.</para></param>        
            <param name="handlingInstanceId">
            <para>The unique ID attached to the handling chain for this handling instance.</para>
            </param>
            <returns><para>Modified exception to pass to the next handler in the chain.</para></returns>
        </member>
        <member name="M:Microsoft.Practices.EnterpriseLibrary.ExceptionHandling.Logging.LoggingExceptionHandler.WriteToLog(System.String,System.Collections.IDictionary)">
            <summary>
            Writes the specified log message using 
            the Logging Application Block's <see cref="M:Microsoft.Practices.EnterpriseLibrary.Logging.Logger.Write(Microsoft.Practices.EnterpriseLibrary.Logging.LogEntry)"/>
            method.
            </summary>
            <param name="logMessage">The message to write to the log.</param>
            <param name="exceptionData">The exception's data.</param>
        </member>
        <member name="M:Microsoft.Practices.EnterpriseLibrary.ExceptionHandling.Logging.LoggingExceptionHandler.CreateStringWriter">
            <summary>
            Creates an instance of the <see cref="T:System.IO.StringWriter"/>
            class using its default constructor.
            </summary>
            <returns>A newly created <see cref="T:System.IO.StringWriter"/></returns>
        </member>
        <member name="M:Microsoft.Practices.EnterpriseLibrary.ExceptionHandling.Logging.LoggingExceptionHandler.CreateFormatter(System.IO.StringWriter,System.Exception)">
            <summary>
            Creates an <see cref="T:Microsoft.Practices.EnterpriseLibrary.ExceptionHandling.ExceptionFormatter"/>
            object based on the configured ExceptionFormatter
            type name.
            </summary>
            <param name="writer">The stream to write to.</param>
            <param name="exception">The <see cref="T:System.Exception"/> to pass into the formatter.</param>
            <returns>A newly created <see cref="T:Microsoft.Practices.EnterpriseLibrary.ExceptionHandling.ExceptionFormatter"/></returns>
        </member>
        <member name="T:Microsoft.Practices.EnterpriseLibrary.ExceptionHandling.Logging.Properties.Resources">
            <summary>
              A strongly-typed resource class, for looking up localized strings, etc.
            </summary>
        </member>
        <member name="P:Microsoft.Practices.EnterpriseLibrary.ExceptionHandling.Logging.Properties.Resources.ResourceManager">
            <summary>
              Returns the cached ResourceManager instance used by this class.
            </summary>
        </member>
        <member name="P:Microsoft.Practices.EnterpriseLibrary.ExceptionHandling.Logging.Properties.Resources.Culture">
            <summary>
              Overrides the current thread's CurrentUICulture property for all
              resource lookups using this strongly typed resource class.
            </summary>
        </member>
        <member name="P:Microsoft.Practices.EnterpriseLibrary.ExceptionHandling.Logging.Properties.Resources.HandlerPartNameTemplate">
            <summary>
              Looks up a localized string similar to Handler: &apos;{0}&apos;.
            </summary>
        </member>
        <member name="P:Microsoft.Practices.EnterpriseLibrary.ExceptionHandling.Logging.Properties.Resources.LoggingHandlerCategoryPartName">
            <summary>
              Looks up a localized string similar to Category.
            </summary>
        </member>
        <member name="P:Microsoft.Practices.EnterpriseLibrary.ExceptionHandling.Logging.Properties.Resources.LoggingHandlerEventIdPartName">
            <summary>
              Looks up a localized string similar to Event ID.
            </summary>
        </member>
        <member name="P:Microsoft.Practices.EnterpriseLibrary.ExceptionHandling.Logging.Properties.Resources.LoggingHandlerFormatterPartName">
            <summary>
              Looks up a localized string similar to Formatter.
            </summary>
        </member>
        <member name="P:Microsoft.Practices.EnterpriseLibrary.ExceptionHandling.Logging.Properties.Resources.LoggingHandlerPriorityPartName">
            <summary>
              Looks up a localized string similar to Priority.
            </summary>
        </member>
        <member name="P:Microsoft.Practices.EnterpriseLibrary.ExceptionHandling.Logging.Properties.Resources.LoggingHandlerSeverityPartName">
            <summary>
              Looks up a localized string similar to Severity.
            </summary>
        </member>
        <member name="P:Microsoft.Practices.EnterpriseLibrary.ExceptionHandling.Logging.Properties.Resources.LoggingHandlerTitlePartName">
            <summary>
              Looks up a localized string similar to Title.
            </summary>
        </member>
        <member name="P:Microsoft.Practices.EnterpriseLibrary.ExceptionHandling.Logging.Properties.Resources.MissingConstructor">
            <summary>
              Looks up a localized string similar to The configured exception formatter &apos;{0}&apos; must expose a public constructor that takes a TextWriter object and an Exception object as parameters..
            </summary>
        </member>
    </members>
</doc>
